{
	"format_version": "1.8.0",
	"animations": {
		"animation.elf_armor.ears_wiggle": {
			"loop": true,
			"animation_length": 0.5,
			"blend_weight": 1,
			"start_delay": 1,
			"bones": {
				"eright": {
					"rotation": {
						"0.0": [
							0,
							0,
							0
						],
						"0.0417": [
							0,
							0,
							0.44924
						],
						"0.0833": [
							0,
							0,
							1.78827
						],
						"0.1667": [
							0,
							0,
							5.71173
						],
						"0.2083": [
							0,
							0,
							7.05076
						],
						"0.25": [
							0,
							0,
							7.5
						],
						"0.2917": [
							0,
							0,
							7.05076
						],
						"0.3333": [
							0,
							0,
							5.71173
						],
						"0.4167": [
							0,
							0,
							1.78827
						],
						"0.4583": [
							0,
							0,
							0.44924
						],
						"0.5": [
							0,
							0,
							0
						]
					}
				},
				"ears": {
					"position": {
						"0.0": [
							0,
							0,
							0
						],
						"0.0417": [
							0,
							0.01198,
							0
						],
						"0.0833": [
							0,
							0.04769,
							0
						],
						"0.1667": [
							0,
							0.15231,
							0
						],
						"0.2083": [
							0,
							0.18802,
							0
						],
						"0.25": [
							0,
							0.2,
							0
						],
						"0.2917": [
							0,
							0.18802,
							0
						],
						"0.3333": [
							0,
							0.15231,
							0
						],
						"0.4167": [
							0,
							0.04769,
							0
						],
						"0.4583": [
							0,
							0.01198,
							0
						],
						"0.5": [
							0,
							0,
							0
						]
					}
				},
				"eleft": {
					"rotation": {
						"0.0": [
							0,
							0,
							0
						],
						"0.0417": [
							0,
							0,
							-0.44924
						],
						"0.0833": [
							0,
							0,
							-1.78827
						],
						"0.1667": [
							0,
							0,
							-5.71173
						],
						"0.2083": [
							0,
							0,
							-7.05076
						],
						"0.25": [
							0,
							0,
							-7.5
						],
						"0.2917": [
							0,
							0,
							-7.05076
						],
						"0.3333": [
							0,
							0,
							-5.71173
						],
						"0.4167": [
							0,
							0,
							-1.78827
						],
						"0.4583": [
							0,
							0,
							-0.44924
						],
						"0.5": [
							0,
							0,
							0
						]
					}
				}
			}
		},
		"animation.elf_armor.default_position": {
			"loop": true,
			"blend_weight": 1,
			"start_delay": 1,
			"bones": {
				"ears": {
					"rotation": [
						0,
						0,
						0
					],
					"position": [
						0,
						0,
						0
					]
				},
				"eleft": {
					"rotation": [
						0,
						0,
						0
					],
					"position": [
						0,
						0,
						0
					]
				},
				"eright": {
					"rotation": [
						0,
						0,
						0
					],
					"position": [
						0,
						0,
						0
					]
				}
			}
		},
		"animation.elf_armor.random_wiggle": {
			"animation_length": 0.5,
			"bones": {
				"eleft": {
					"rotation": {
						"0.0": [
							0,
							0,
							0
						],
						"0.0417": [
							0,
							2.09647,
							-1.04823
						],
						"0.0833": [
							0,
							8.34525,
							-4.17263
						],
						"0.1667": [
							0,
							26.65475,
							-13.32737
						],
						"0.2083": [
							0,
							32.90353,
							-16.45177
						],
						"0.25": [
							0,
							35,
							-17.5
						],
						"0.2917": [
							0,
							32.90353,
							-16.45177
						],
						"0.3333": [
							0,
							26.65475,
							-13.32737
						],
						"0.4167": [
							0,
							8.34525,
							-4.17263
						],
						"0.4583": [
							0,
							2.09647,
							-1.04823
						],
						"0.5": [
							0,
							0,
							0
						]
					},
					"position": {
						"0.0": [
							0,
							0,
							0
						],
						"0.0417": [
							0.0599,
							0,
							0
						],
						"0.0833": [
							0.23844,
							0,
							0
						],
						"0.1667": [
							0.76156,
							0,
							0
						],
						"0.2083": [
							0.9401,
							0,
							0
						],
						"0.25": [
							1,
							0,
							0
						],
						"0.2917": [
							0.9401,
							0,
							0
						],
						"0.3333": [
							0.76156,
							0,
							0
						],
						"0.4167": [
							0.23844,
							0,
							0
						],
						"0.4583": [
							0.0599,
							0,
							0
						],
						"0.5": [
							0,
							0,
							0
						]
					}
				},
				"eright": {
					"rotation": {
						"0.0": [
							0,
							0,
							0
						],
						"0.0417": [
							0,
							-2.54571,
							1.34773
						],
						"0.0833": [
							0,
							-10.13352,
							5.36481
						],
						"0.1667": [
							0,
							-32.36648,
							17.13519
						],
						"0.2083": [
							0,
							-39.95429,
							21.15227
						],
						"0.25": [
							0,
							-42.5,
							22.5
						],
						"0.2917": [
							0,
							-39.95429,
							21.30202
						],
						"0.3333": [
							0,
							-32.36648,
							17.73128
						],
						"0.4167": [
							0,
							-10.13352,
							7.26872
						],
						"0.4583": [
							0,
							-2.54571,
							3.69798
						],
						"0.5": [
							0,
							0,
							2.5
						]
					},
					"position": {
						"0.0": [
							0,
							0,
							0
						],
						"0.0417": [
							-0.0599,
							0,
							0
						],
						"0.0833": [
							-0.23844,
							0,
							0
						],
						"0.1667": [
							-0.76156,
							0,
							0
						],
						"0.2083": [
							-0.9401,
							0,
							0
						],
						"0.25": [
							-1,
							0,
							0
						],
						"0.2917": [
							-0.9401,
							0,
							0
						],
						"0.3333": [
							-0.76156,
							0,
							0
						],
						"0.4167": [
							-0.23844,
							0,
							0
						],
						"0.4583": [
							-0.0599,
							0,
							0
						],
						"0.5": [
							0,
							0,
							0
						]
					}
				}
			}
		}
	}
}